-- ============================================
-- Demo data: demo firm, demo admin, devices, location history
-- ============================================

-- Demo firm
insert into firms (id, firm_name) values
    ('20000000-0000-0000-0000-000000000000', 'demo-firm');

-- Demo admin user
-- password: 'password' (BCrypt hash)
insert into users (firm_id, id, email, password, username) values
    ('20000000-0000-0000-0000-000000000000', '20000000-0000-0000-0000-000000000001',
     'admin@demo.com',
     '$2a$12$6.ge.SE6wVaRC.727oHcRewQcSWhDSQUR10b9OboJ6dPi2VrMTKy2',
     'demo-admin'),
     (null, 'a0000000-0000-0000-0000-000000000000',
      'root@demo.com',
      '$2a$12$6.ge.SE6wVaRC.727oHcRewQcSWhDSQUR10b9OboJ6dPi2VrMTKy2',
      'demo-root');


-- Assign roles to demo admin
insert into user_roles (role_id, user_id) values
    ('00000000-0000-0000-0000-000000000002', '20000000-0000-0000-0000-000000000001'), -- ROLE_ADMIN
    ('00000000-0000-0000-0000-000000000003', '20000000-0000-0000-0000-000000000001'), -- ROLE_USER
    ('00000000-0000-0000-0000-000000000001', 'a0000000-0000-0000-0000-000000000000');

insert into locations (id, name, zone_id, x, y, firm_id) values
    ('10000000-0000-0000-0000-000000000010', 'TagEpc_1',
    64, 0, 0, '20000000-0000-0000-0000-000000000000'),
    ('10000000-0000-0000-0000-000000000020', 'TagEpc_2',
    57, 0, 0, '20000000-0000-0000-0000-000000000000'),
    ('10000000-0000-0000-0000-000000000030', 'TagEpc_3',
    65, 0, 0, '20000000-0000-0000-0000-000000000000'),
    ('10000000-0000-0000-0000-000000000040', 'TagEpc_4',
    66, 0, 0, '20000000-0000-0000-0000-000000000000'),
    ('10000000-0000-0000-0000-000000000050', 'TagEpc_5',
    67, 0, 0, '20000000-0000-0000-0000-000000000000');

-- Devices
insert into devices (id, name, fingerprint, firm_id, location_id, last_seen, timestamp) values
    ('20000000-0000-0000-0000-000000000010', 'DemoDevice_1', 'FP1', '20000000-0000-0000-0000-000000000000', '10000000-0000-0000-0000-000000000010', now(), now()),
    ('20000000-0000-0000-0000-000000000020', 'DemoDevice_2', 'FP2', '20000000-0000-0000-0000-000000000000', '10000000-0000-0000-0000-000000000020', now(), now()),
    ('20000000-0000-0000-0000-000000000030', 'DemoDevice_3', 'FP3', '20000000-0000-0000-0000-000000000000', '10000000-0000-0000-0000-000000000030', now(), now());

-- Location history entries
insert into locations_history (id, device_id, location_id, timestamp) values
    ('30000000-0000-0000-0000-000000000001', '20000000-0000-0000-0000-000000000010', '10000000-0000-0000-0000-000000000010', now() - interval '3 hours'),
    ('30000000-0000-0000-0000-000000000002', '20000000-0000-0000-0000-000000000010', '10000000-0000-0000-0000-000000000020', now() - interval '2 hours'),
    ('30000000-0000-0000-0000-000000000003', '20000000-0000-0000-0000-000000000010', '10000000-0000-0000-0000-000000000030', now() - interval '1 hours'),
    ('30000000-0000-0000-0000-000000000004', '20000000-0000-0000-0000-000000000020', '10000000-0000-0000-0000-000000000020', now() - interval '4 hours'),
    ('30000000-0000-0000-0000-000000000005', '20000000-0000-0000-0000-000000000020', '10000000-0000-0000-0000-000000000030', now() - interval '2 hours'),
    ('30000000-0000-0000-0000-000000000006', '20000000-0000-0000-0000-000000000030', '10000000-0000-0000-0000-000000000030', now() - interval '5 hours'),
    ('30000000-0000-0000-0000-000000000007', '20000000-0000-0000-0000-000000000030', '10000000-0000-0000-0000-000000000040', now() - interval '3 hours'),
    ('30000000-0000-0000-0000-000000000008', '20000000-0000-0000-0000-000000000030', '10000000-0000-0000-0000-000000000050', now() - interval '1 hours');

